sampleid	PC1	PC2	PC3	PC4
transE.High_S47_L005	-7.693183828589711	92.7452207559463	38.47531973971308	-4.558367572293776e-13
transE.Low_S45_L005	85.76341491557048	-53.27580258719077	31.9558947904413	-1.3215296912338914e-13
transE.Medium_S46_L005	-93.66721578774894	-53.98131025257541	12.319994790495429	2.8537935903294454e-13
transE.Pre_S48_L005	15.596984700768152	14.51189208381983	-82.75120932064982	3.1650723708587236e-13
