sampleid	PC1	PC2	PC3	PC4
transE.High_S47_L005	40.54277783383626	113.90917303793421	-49.03945582256876	-1.845431359809302e-12
transE.Low_S45_L005	-123.17811851222307	-38.57967091570256	-42.38438750131678	1.6571492442163382e-12
transE.Medium_S46_L005	95.78193347588595	-95.11458766977474	-18.642695109456092	-7.393840314312561e-13
transE.Pre_S48_L005	-13.14659279749909	19.785085547542984	110.06653843334162	9.336442209628704e-13
