sampleid	num_reads_seq	reads_with_vector	reads_with_noVector	reads_mapped_sgRNA	total_sgRNA	sgRNA_moreThan_10
transE-High_S47_L005	1263892	445377	4036.75	30431955 (89.29%)	18894	18514
transE-Low_S45_L005	992104	444769	5474.5	29817404 (88.71%)	18161	17895
transE-Medium_S46_L005	1.43471e+06	553272	7389.5	37816504 (88.86%)	20015	19383
transE-Pre_S48_L005	1.16334e+06	523980	4476.75	35301646 (88.86%)	18711	18420
